{
    "predict_bleu-4": 25.627388665710193,
    "predict_model_preparation_time": 0.0022,
    "predict_rouge-1": 73.01275868005739,
    "predict_rouge-2": 43.93800789096126,
    "predict_rouge-l": 54.28052166427547,
    "predict_runtime": 233.7396,
    "predict_samples_per_second": 2.982,
    "predict_steps_per_second": 1.493
}