{
    "predict_bleu-4": 88.98009164759723,
    "predict_model_preparation_time": 0.005,
    "predict_rouge-1": 92.28347242562928,
    "predict_rouge-2": 85.85114405034324,
    "predict_rouge-l": 91.91711041189932,
    "predict_runtime": 496.0545,
    "predict_samples_per_second": 1.762,
    "predict_steps_per_second": 0.881
}