{
    "predict_bleu-4": 98.97689247910864,
    "predict_model_preparation_time": 0.0043,
    "predict_rouge-1": 99.64472005571031,
    "predict_rouge-2": 99.48186629526462,
    "predict_rouge-l": 99.32096462395543,
    "predict_runtime": 868.0276,
    "predict_samples_per_second": 0.414,
    "predict_steps_per_second": 0.207
}