{
    "predict_bleu-4": 73.72515714285714,
    "predict_model_preparation_time": 0.0044,
    "predict_rouge-1": 85.3911198156682,
    "predict_rouge-2": 69.2571797235023,
    "predict_rouge-l": 80.64177603686637,
    "predict_runtime": 132.0387,
    "predict_samples_per_second": 1.643,
    "predict_steps_per_second": 0.826
}