{
    "predict_bleu-4": 15.764202150537635,
    "predict_model_preparation_time": 0.0045,
    "predict_rouge-1": 29.877045161290322,
    "predict_rouge-2": 10.13546182795699,
    "predict_rouge-l": 24.723847311827956,
    "predict_runtime": 182.5992,
    "predict_samples_per_second": 1.019,
    "predict_steps_per_second": 0.509
}