{
    "predict_bleu-4": 66.4049889,
    "predict_model_preparation_time": 0.0043,
    "predict_rouge-1": 84.581501,
    "predict_rouge-2": 67.97382619999999,
    "predict_rouge-l": 76.28303299999999,
    "predict_runtime": 2100.339,
    "predict_samples_per_second": 0.476,
    "predict_steps_per_second": 0.238
}