{
    "predict_bleu-4": 18.614735483870966,
    "predict_model_preparation_time": 0.0044,
    "predict_rouge-1": 33.5269059139785,
    "predict_rouge-2": 17.019444086021508,
    "predict_rouge-l": 30.189998387096775,
    "predict_runtime": 107.2884,
    "predict_samples_per_second": 1.734,
    "predict_steps_per_second": 0.867
}