{
    "predict_bleu-4": 26.310961549497847,
    "predict_model_preparation_time": 0.0044,
    "predict_rouge-1": 73.7629981348637,
    "predict_rouge-2": 44.949751219512194,
    "predict_rouge-l": 55.53361391678622,
    "predict_runtime": 514.5276,
    "predict_samples_per_second": 1.355,
    "predict_steps_per_second": 0.678
}