{
    "predict_bleu-4": 96.62995360000001,
    "predict_model_preparation_time": 0.0047,
    "predict_rouge-1": 98.2699573,
    "predict_rouge-2": 97.33496980000001,
    "predict_rouge-l": 97.2464857,
    "predict_runtime": 2377.9413,
    "predict_samples_per_second": 0.421,
    "predict_steps_per_second": 0.21
}