{
    "predict_bleu-4": 98.66765099715099,
    "predict_model_preparation_time": 0.005,
    "predict_rouge-1": 99.42804558404558,
    "predict_rouge-2": 99.09663304843305,
    "predict_rouge-l": 98.93942934472933,
    "predict_runtime": 1109.9474,
    "predict_samples_per_second": 0.316,
    "predict_steps_per_second": 0.159
}