{
    "predict_bleu-4": 49.10165150115473,
    "predict_model_preparation_time": 0.0046,
    "predict_rouge-1": 68.58384168591223,
    "predict_rouge-2": 42.13732713625866,
    "predict_rouge-l": 61.680377598152425,
    "predict_runtime": 555.2538,
    "predict_samples_per_second": 1.56,
    "predict_steps_per_second": 0.78
}