{
    "predict_bleu-4": 23.336483213773313,
    "predict_model_preparation_time": 0.005,
    "predict_rouge-1": 71.7155005738881,
    "predict_rouge-2": 41.29241119081779,
    "predict_rouge-l": 52.41599182209469,
    "predict_runtime": 566.5419,
    "predict_samples_per_second": 1.23,
    "predict_steps_per_second": 0.616
}