{
    "predict_bleu-4": 96.97752286585367,
    "predict_model_preparation_time": 0.0026,
    "predict_rouge-1": 98.09061829268293,
    "predict_rouge-2": 96.79625609756097,
    "predict_rouge-l": 97.88704847560976,
    "predict_runtime": 205.0782,
    "predict_samples_per_second": 1.599,
    "predict_steps_per_second": 0.8
}