{
    "predict_bleu-4": 21.9532435483871,
    "predict_model_preparation_time": 0.0043,
    "predict_rouge-1": 43.70045322580645,
    "predict_rouge-2": 22.420596774193548,
    "predict_rouge-l": 35.86004247311828,
    "predict_runtime": 121.9195,
    "predict_samples_per_second": 1.526,
    "predict_steps_per_second": 0.763
}