{
    "predict_bleu-4": 67.53180554272518,
    "predict_model_preparation_time": 0.0045,
    "predict_rouge-1": 81.83293937644342,
    "predict_rouge-2": 63.04406789838337,
    "predict_rouge-l": 75.11859018475751,
    "predict_runtime": 536.7285,
    "predict_samples_per_second": 1.613,
    "predict_steps_per_second": 0.807
}