{
    "predict_bleu-4": 96.79754664634146,
    "predict_model_preparation_time": 0.0081,
    "predict_rouge-1": 97.99680365853659,
    "predict_rouge-2": 96.55163109756097,
    "predict_rouge-l": 97.4816100609756,
    "predict_runtime": 476.4237,
    "predict_samples_per_second": 0.688,
    "predict_steps_per_second": 0.344
}