{
    "predict_bleu-4": 88.30359416475973,
    "predict_model_preparation_time": 0.005,
    "predict_rouge-1": 91.04414931350115,
    "predict_rouge-2": 85.32655148741418,
    "predict_rouge-l": 91.05881258581235,
    "predict_runtime": 492.9618,
    "predict_samples_per_second": 1.773,
    "predict_steps_per_second": 0.886
}