{
    "predict_bleu-4": 99.75275753424657,
    "predict_model_preparation_time": 0.0045,
    "predict_rouge-1": 99.90215205479453,
    "predict_rouge-2": 99.5433794520548,
    "predict_rouge-l": 99.7661205479452,
    "predict_runtime": 44.6098,
    "predict_samples_per_second": 1.636,
    "predict_steps_per_second": 0.829
}